client_id,age,income,credit_amount,credit_duration,credit_history,employment_years,num_dependents
10001,56,893.55,8453.93,41,0,21,2
10002,69,2703.46,4200.73,55,1,0,2
10003,46,1743.65,5449.37,48,0,3,1
10004,32,1077.75,6865.18,42,1,28,4
10005,60,1853.43,2163.27,20,1,20,0
10006,25,1418.45,1478.38,33,0,25,1
10007,38,4187.14,1948.69,23,0,13,0
10008,56,3381.64,7525.17,39,1,8,0
10009,36,2492.03,3896.28,27,1,11,3
10010,40,3979.94,10116.4,16,1,5,1
10011,28,2577.37,3871.5,18,1,19,2
10012,28,1638.72,5369.1,9,1,23,0
10013,41,4023.12,8084.22,27,1,26,0
10014,53,3038.91,9012.19,12,1,37,3
10015,57,1462.75,9123.01,48,1,7,2
10016,41,2309.66,7416.73,59,1,0,2
10017,20,1624.38,7048.13,29,1,23,6
10018,39,1117.2,6185.05,9,1,6,0
10019,19,3426.18,6556.72,33,1,18,2
10020,41,4409.42,3897.63,20,0,21,0
10021,61,1101.43,3363.6,6,1,34,0
10022,47,3062.97,4993.25,8,1,29,5
10023,55,1849.36,4659.63,19,0,28,2
10024,19,2012.87,4093.54,43,1,21,2
10025,38,1907.61,6392.77,55,1,10,2
10026,50,1636.01,6910.61,6,0,19,1
10027,29,2548.52,5176.81,43,1,28,3
10028,39,1669.05,7955.06,43,0,33,2
10029,61,2770.46,2716.62,26,0,0,3
10030,42,2449.76,4612.68,53,1,30,2
10031,66,2261.05,3566.36,34,1,29,0
10032,44,1592.44,1266.93,10,0,17,1
10033,59,1923.23,4834.64,54,1,16,0
10034,45,3255.39,4756.5,15,1,37,2
10035,33,3000.92,8026.9,33,0,13,3
10036,32,1522.44,6261.62,26,0,22,5
10037,64,2599.33,2951.63,55,1,24,1
10038,68,3251.39,8708.19,12,0,14,2
10039,61,830.59,7442.07,8,1,21,1
10040,69,3043.36,6164.2,50,1,2,1
10041,20,1837.38,4547.03,52,1,18,2
10042,54,3070.6,3081.12,25,0,33,3
10043,68,1736.74,4255.59,24,1,34,2
10044,24,695.12,7177.5,40,1,0,1
10045,38,872.46,8769.17,9,1,20,1
10046,26,2548.08,8086.49,10,0,28,2
10047,56,2759.72,4022.3,6,0,5,1
10048,35,1595.68,2760.77,9,1,36,1
10049,21,3138.59,5281.77,17,1,0,2
10050,42,838.48,1463.12,32,0,0,0
10051,31,2433.92,5646.34,47,1,26,1
10052,67,1288.98,4704.79,28,0,20,2
10053,26,1848.16,4067.93,30,1,15,4
10054,43,2547.4,1810.59,26,1,39,0
10055,19,1639.59,6027.2,57,1,25,2
10056,37,2115.44,3934.6,29,1,15,2
10057,45,3506.29,2660.17,30,1,27,1
10058,64,1923.11,1000.0,50,1,0,1
10059,24,3335.69,4944.97,51,1,35,1
10060,61,1370.29,8544.5,37,1,9,2
10061,25,3029.8,8322.52,37,1,16,2
10062,64,3941.57,4085.81,10,0,22,2
10063,52,500.0,3795.58,41,0,6,2
10064,31,1703.1,5937.55,51,1,6,1
10065,34,3077.07,3003.23,47,1,14,3
10066,53,2296.95,5603.58,54,1,33,1
10067,67,2871.15,6532.16,47,0,3,0
10068,57,1896.01,7453.87,44,1,13,1
10069,21,2586.59,4799.69,21,1,13,0
10070,19,2344.32,4592.65,38,1,15,0
10071,23,3667.78,3244.03,54,1,6,0
10072,59,2754.42,3346.24,26,1,31,0
10073,21,2837.6,4547.04,14,1,18,0
10074,46,2088.12,5734.73,11,1,1,1
10075,35,2012.39,6827.17,56,0,9,0
10076,43,2067.44,3393.64,50,1,16,1
10077,61,2894.45,7985.38,40,1,36,0
10078,51,2079.02,4457.75,44,1,11,0
10079,27,2789.77,4957.27,27,0,5,2
10080,53,4575.4,3505.58,46,1,21,0
10081,31,3371.12,1000.0,59,1,31,2
10082,48,2173.98,6768.09,10,0,19,3
10083,65,3701.21,6473.69,47,1,0,0
10084,32,2091.92,4437.34,28,1,5,0
10085,25,500.0,5133.98,22,1,18,1
10086,31,1491.91,6031.88,17,1,17,3
10087,40,629.21,1874.91,28,0,5,3
10088,57,2148.49,3941.89,21,1,32,0
10089,38,2518.42,6588.53,8,0,22,0
10090,33,4176.44,2491.42,35,1,22,1
10091,62,2826.93,5587.12,27,1,25,2
10092,35,2280.9,2286.84,14,1,12,1
10093,64,3329.41,5932.86,34,0,6,4
10094,41,500.0,4928.72,52,1,14,0
10095,43,2735.61,1769.74,42,1,26,2
10096,42,3270.87,7329.48,28,1,25,0
10097,62,1021.41,3530.82,18,1,32,1
10098,58,3643.75,3379.5,37,1,14,2
10099,46,2838.5,5401.14,51,1,35,0
10100,32,2084.71,7297.27,57,1,26,3
10101,62,3132.78,2968.36,52,0,4,0
10102,18,4770.69,5123.36,53,0,1,2
10103,42,2681.87,5857.63,28,1,32,1
10104,24,2748.22,6386.21,50,1,15,1
10105,26,2040.64,5352.88,22,1,22,1
10106,41,1650.16,4265.94,45,1,37,3
10107,18,3330.34,3344.82,26,0,15,0
10108,61,1643.92,5172.29,7,1,13,0
10109,25,2571.57,2855.72,42,0,28,0
10110,41,2022.34,1000.0,11,0,25,3
10111,28,2978.98,5873.12,49,1,34,1
10112,68,2833.66,6807.87,23,0,14,0
10113,34,3537.54,1000.0,35,1,2,2
10114,25,1989.98,2980.54,27,0,22,2
10115,52,2230.13,6238.31,59,1,28,1
10116,52,1521.24,9114.99,38,1,33,0
10117,50,2055.71,5041.59,35,0,32,2
10118,22,2877.3,3543.99,22,1,22,3
10119,59,3256.99,4634.21,48,1,6,2
10120,56,1577.83,7749.75,37,1,2,1
10121,58,3369.61,3708.07,47,0,31,1
10122,45,3855.64,3401.62,56,1,30,1
10123,24,2913.43,4034.51,19,1,17,0
10124,26,4376.8,3093.34,15,1,6,3
10125,25,1726.21,5245.34,52,1,0,2
10126,29,1255.35,8249.36,56,1,13,0
10127,51,721.28,5646.16,41,1,31,3
10128,50,3996.04,4495.29,39,1,5,1
10129,65,3154.37,4416.38,14,1,38,2
10130,40,2444.42,1873.62,47,1,9,3
10131,41,2779.97,6766.22,33,1,6,0
10132,54,1374.51,4844.33,16,1,25,1
10133,52,4945.75,4639.04,19,1,33,0
10134,61,2629.22,11386.22,44,0,29,3
10135,57,2609.39,5597.51,52,1,35,1
10136,39,3225.77,3496.42,59,1,20,1
10137,44,2981.01,4147.28,24,1,16,3
10138,52,2723.88,7296.89,59,1,32,0
10139,18,1709.53,5226.54,20,1,9,3
10140,52,2971.47,2123.44,33,1,11,3
10141,54,4382.02,6838.46,29,0,15,0
10142,64,3845.42,3663.71,13,1,31,1
10143,31,4093.19,8746.6,48,1,14,2
10144,20,1988.78,7160.1,14,1,26,3
10145,18,1510.4,4105.36,52,1,27,2
10146,22,2374.21,7562.03,38,1,16,1
10147,43,2555.72,5135.71,38,1,1,4
10148,31,3594.19,6705.55,24,0,35,1
10149,56,807.54,5969.47,8,0,6,2
10150,44,4029.55,3307.29,15,0,12,2
10151,26,2341.99,3712.9,45,1,14,3
10152,32,2073.12,7059.92,52,1,24,1
10153,32,1487.9,4330.45,47,1,22,1
10154,43,845.14,4192.7,6,1,21,1
10155,59,3323.17,3089.75,34,1,25,1
10156,30,2573.32,5847.2,55,1,32,5
10157,68,1210.04,9125.05,39,1,10,0
10158,49,1204.92,2864.93,56,1,9,2
10159,56,2164.22,5048.44,18,1,24,1
10160,66,4169.02,7824.44,59,1,36,3
10161,69,2240.41,4840.72,6,0,37,3
10162,49,996.86,5904.74,39,1,23,0
10163,21,2254.26,2875.21,34,0,39,3
10164,47,2227.28,5856.61,53,1,32,0
10165,54,500.0,4625.71,52,1,16,1
10166,40,2445.71,6971.46,18,1,23,1
10167,56,2269.07,7374.77,53,0,36,0
10168,62,3196.21,10179.13,54,1,1,2
10169,32,4348.96,6159.27,58,0,31,0
10170,60,3626.57,5651.59,34,1,23,1
10171,46,2231.11,5388.77,44,0,8,2
10172,53,1393.47,4293.67,29,1,3,1
10173,30,5073.36,5676.97,31,1,16,1
10174,49,2559.22,4409.2,22,1,16,2
10175,24,2513.93,5336.92,12,0,29,3
10176,68,2475.87,7635.2,18,0,39,1
10177,39,2698.08,2986.91,10,1,10,0
10178,45,2355.64,7279.76,31,1,20,1
10179,19,1926.34,7634.23,54,1,20,5
10180,59,1953.14,4763.86,8,0,17,1
10181,62,2467.25,1000.0,12,1,28,2
10182,23,1956.58,3784.36,54,0,23,1
10183,45,1787.15,7593.99,44,0,9,1
10184,45,2606.43,4954.26,58,1,16,3
10185,61,2245.02,3001.4,6,1,17,0
10186,61,4003.99,3990.45,54,0,19,0
10187,37,500.0,6681.24,22,0,36,2
10188,47,3591.51,6093.47,48,0,17,3
10189,28,3746.09,4522.14,30,1,16,1
10190,45,500.0,4266.35,8,1,8,1
10191,42,2157.31,4216.48,20,0,13,3
10192,56,2128.56,3155.18,34,0,28,1
10193,50,1092.49,8230.75,58,1,30,0
10194,18,1722.18,4355.36,48,1,3,4
10195,44,1389.42,7434.32,37,1,17,1
10196,69,4252.27,8042.63,31,0,19,3
10197,30,3435.68,6996.62,21,0,8,0
10198,58,3771.56,4136.76,30,1,12,1
10199,20,3221.67,5807.46,59,1,14,0
10200,56,1370.95,4951.61,33,0,26,3
10201,23,1975.48,3192.6,14,1,14,0
10202,25,2989.37,5648.72,6,0,27,1
10203,44,1277.87,2641.92,34,1,36,1
10204,26,3213.0,7375.36,27,1,18,2
10205,54,2259.67,4070.77,21,0,25,2
10206,50,2125.18,5402.32,46,1,25,3
10207,68,3210.96,5566.58,56,1,24,4
10208,59,2944.26,4482.19,49,1,25,2
10209,61,2139.03,6173.39,56,1,25,1
10210,41,3659.33,4050.19,59,0,27,1
10211,32,1418.94,6742.59,46,1,17,2
10212,49,3115.94,2308.04,12,0,31,0
10213,49,3093.1,5252.76,19,1,2,1
10214,41,2190.45,8877.86,34,1,1,1
10215,58,2826.13,2999.34,24,1,32,0
10216,69,1248.89,3644.51,24,0,18,1
10217,66,3424.03,6027.82,7,1,16,1
10218,66,2315.1,5359.16,46,1,32,1
10219,69,1977.28,5701.26,50,1,11,1
10220,29,3549.01,5978.37,20,0,2,4
10221,56,1795.66,6269.44,8,0,25,2
10222,19,1091.54,7219.4,16,1,34,2
10223,20,943.37,5819.64,58,1,7,1
10224,66,3106.01,4517.48,51,0,35,1
10225,54,1219.57,6345.15,35,1,6,0
10226,66,4254.79,8799.76,45,1,35,0
10227,34,500.0,4734.73,23,1,15,2
10228,66,4196.46,3050.94,56,0,23,0
10229,19,2711.02,7214.16,53,0,0,0
10230,19,2403.29,4759.24,7,1,24,2
10231,45,1955.08,1000.0,37,0,9,0
10232,40,2899.14,6694.84,13,1,15,2
10233,54,2462.37,3929.34,27,1,15,0
10234,49,3603.3,4818.93,11,1,7,3
10235,50,2614.23,5663.96,17,1,28,1
10236,18,2650.3,5381.0,52,1,38,2
10237,36,2136.39,6418.9,45,0,27,1
10238,19,2443.05,4129.03,41,1,5,1
10239,61,2807.8,6026.21,20,1,15,2
10240,43,789.83,4480.91,33,1,19,2
10241,49,1151.81,6477.62,57,0,15,2
10242,23,3243.26,6230.73,54,0,6,1
10243,49,2670.87,3129.12,50,0,13,0
10244,21,2316.02,7171.96,23,1,25,2
10245,28,2518.43,3928.07,7,1,25,1
10246,34,2847.58,6616.12,18,1,13,3
10247,55,1960.24,5734.57,50,0,6,5
10248,41,1721.7,8676.37,59,0,32,2
10249,22,2695.85,4553.07,20,1,25,1
10250,69,1521.63,4301.37,25,1,19,2
10251,51,2908.25,4961.16,34,0,2,1
10252,23,797.42,4393.64,47,1,3,1
10253,39,3529.16,6599.88,34,0,25,1
10254,28,2972.6,1767.38,8,1,10,2
10255,65,2756.03,2892.64,24,1,1,2
10256,33,3482.69,2864.39,8,0,13,0
10257,50,4165.47,6900.62,59,0,29,1
10258,26,3514.37,8421.23,19,1,11,0
10259,23,659.13,4791.1,45,0,25,1
10260,33,1220.42,4662.36,9,1,32,1
10261,46,1875.18,5140.1,57,1,12,0
10262,20,2526.09,7323.76,16,1,13,0
10263,37,3017.66,3145.29,36,1,23,1
10264,53,1774.26,5476.74,48,1,33,1
10265,36,2686.77,6950.4,37,0,25,1
10266,43,1744.62,6002.19,32,1,20,2
10267,20,1888.48,5379.16,35,1,27,2
10268,36,1093.34,7002.09,48,1,35,3
10269,37,1576.77,1000.0,7,0,39,4
10270,49,1148.32,6355.75,54,0,1,1
10271,24,1524.13,3691.85,14,1,8,1
10272,69,3553.64,1338.73,33,0,22,1
10273,58,1550.6,6022.41,36,1,14,2
10274,50,5132.38,7747.32,39,1,12,2
10275,57,2993.32,4725.1,20,1,22,0
10276,56,2684.84,6905.75,53,1,16,1
10277,35,1641.64,8224.56,30,1,1,1
10278,57,3200.31,7629.83,41,1,19,1
10279,18,1924.36,8279.93,13,0,19,1
10280,28,2622.01,6484.25,14,1,2,1
10281,45,5060.08,5150.87,42,1,11,1
10282,42,2403.94,1796.07,53,1,39,2
10283,67,3649.27,4507.88,50,1,1,0
10284,40,1796.82,3313.51,44,1,35,2
10285,48,2465.01,9341.89,37,1,13,0
10286,47,4270.8,4648.23,57,1,15,0
10287,59,1873.03,5246.41,22,0,18,0
10288,52,4312.45,6102.97,40,1,33,0
10289,24,3207.75,5087.2,42,1,5,2
10290,33,1937.53,8390.1,24,1,12,1
10291,43,3132.41,3754.7,49,1,35,1
10292,65,3472.55,5389.21,34,1,21,5
10293,69,3121.81,3515.06,12,0,17,0
10294,66,929.78,2359.95,33,1,11,2
10295,19,1772.86,3776.46,14,0,29,4
10296,18,2252.48,4925.93,33,1,39,4
10297,65,2425.57,4141.4,11,1,6,3
10298,29,3120.67,3615.16,34,0,31,2
10299,22,2677.7,2187.37,22,0,18,1
10300,54,1164.66,4833.79,21,1,5,0
10301,49,2880.2,1990.56,28,0,19,0
10302,26,3110.59,6520.11,36,1,26,1
10303,58,3059.79,5164.88,8,0,36,2
10304,52,3580.78,2084.9,26,0,6,3
10305,36,3333.92,4381.58,31,1,4,2
10306,65,2959.18,3495.69,41,1,10,0
10307,33,2429.83,5638.35,47,1,14,1
10308,20,839.04,7680.9,42,1,2,1
10309,37,2929.62,1249.66,58,1,4,2
10310,41,2707.69,5230.05,27,1,22,1
10311,50,2771.58,4679.73,47,1,36,4
10312,41,1223.25,6342.68,17,1,8,1
10313,69,1418.94,5426.39,47,1,14,1
10314,28,3553.15,3496.06,18,1,2,0
10315,66,2460.44,4361.89,16,0,28,2
10316,25,3181.5,3407.95,59,1,5,0
10317,53,2528.32,7152.01,21,0,16,1
10318,55,2529.76,5042.62,13,1,25,1
10319,57,3438.28,8802.38,45,0,20,2
10320,37,1983.96,4878.68,45,1,7,2
10321,52,2596.12,3583.19,50,1,20,1
10322,65,2037.72,1972.57,7,0,10,0
10323,42,2065.5,1393.72,35,0,37,3
10324,52,2190.83,1831.73,35,0,7,0
10325,42,2722.13,5534.25,17,1,23,5
10326,46,2021.25,6017.45,15,1,34,1
10327,35,3755.76,1837.62,49,0,13,1
10328,63,1605.39,6790.08,16,1,13,0
10329,35,2313.13,4033.88,20,1,9,0
10330,19,2060.27,5293.59,21,1,11,2
10331,52,3946.98,8224.44,22,1,37,3
10332,33,2696.55,6793.68,31,1,33,4
10333,58,3531.84,4462.94,7,1,9,3
10334,53,1014.44,3217.62,55,0,16,2
10335,50,2767.05,1000.0,17,0,16,2
10336,21,3389.63,3561.69,56,0,2,3
10337,50,2582.28,4577.74,31,0,30,0
10338,31,3565.48,3025.64,28,1,0,0
10339,38,1982.71,4737.49,23,1,11,4
10340,65,3909.35,5153.7,37,1,38,2
10341,37,4798.9,4550.29,54,0,3,2
10342,25,2137.16,3699.99,43,0,12,1
10343,24,2054.5,5337.31,52,1,33,2
10344,20,3953.38,5883.88,8,1,20,2
10345,34,4079.57,2819.2,43,0,21,4
10346,50,1977.14,7821.86,8,1,3,1
10347,65,2079.81,4802.82,35,1,17,1
10348,29,2218.22,5037.7,6,1,4,1
10349,68,1155.55,6416.43,35,1,18,0
10350,39,1581.35,5466.43,50,0,1,0
10351,39,1495.86,6906.27,37,0,11,0
10352,63,1732.2,5574.25,33,1,16,2
10353,47,2465.32,3775.13,26,1,9,2
10354,55,2734.21,5723.01,51,1,33,1
10355,55,4050.5,2712.55,18,1,5,1
10356,62,1501.65,5217.12,32,0,7,0
10357,68,3484.32,4933.54,41,1,10,2
10358,25,2286.01,4583.77,12,0,11,1
10359,44,2450.54,4742.92,27,1,8,1
10360,44,3174.82,1236.3,15,1,1,1
10361,51,1377.28,3902.55,44,1,7,2
10362,38,2882.41,5185.69,58,1,10,4
10363,47,2666.45,5319.71,20,1,35,1
10364,50,2992.45,2944.65,20,1,9,0
10365,45,2789.17,7531.42,9,1,20,3
10366,64,4955.3,3267.65,37,0,19,1
10367,50,1862.26,6938.91,28,0,7,0
10368,22,1969.0,5854.39,11,0,35,0
10369,65,1876.86,3707.55,29,0,28,2
10370,36,1944.52,8550.62,25,1,11,1
10371,21,1862.61,2612.73,42,1,13,5
10372,52,3689.02,6838.31,25,1,20,2
10373,66,3920.5,7001.16,17,0,21,2
10374,34,1929.25,3658.76,38,1,20,0
10375,61,1667.64,7784.93,33,1,29,2
10376,45,2971.42,4499.91,13,1,38,3
10377,47,1947.78,5577.39,6,1,19,3
10378,46,3132.93,5520.64,42,1,23,2
10379,63,2702.92,4731.38,27,0,22,1
10380,23,984.26,6621.62,11,0,6,1
10381,52,4047.51,6586.98,26,1,8,1
10382,58,4295.88,1502.94,37,1,0,1
10383,54,1887.21,7608.68,40,1,25,1
10384,41,2112.3,1675.02,20,0,37,2
10385,46,2785.87,7065.09,10,1,37,5
10386,66,2834.46,7253.41,51,1,21,1
10387,63,3158.54,2818.07,55,1,9,1
10388,48,4510.2,4178.37,53,0,5,2
10389,52,2323.05,2788.59,11,0,16,1
10390,50,1701.7,4570.16,30,1,37,0
10391,69,1120.68,4383.93,51,1,23,3
10392,38,1769.07,6559.32,45,0,9,3
10393,49,2466.87,7620.62,34,0,7,5
10394,40,4294.56,7791.37,12,1,20,2
10395,50,1982.39,3875.66,45,1,5,0
10396,20,2723.79,4581.56,18,1,20,1
10397,35,2483.58,1633.12,43,1,38,3
10398,42,3688.39,3388.26,23,1,23,4
10399,59,5026.93,6929.7,7,0,32,4
10400,48,1969.13,8231.17,13,1,17,2
10401,20,2010.56,2531.3,16,1,27,1
10402,57,3544.16,3815.07,38,1,31,1
10403,63,3181.89,4947.19,59,1,11,1
10404,41,4346.71,5560.32,43,0,26,0
10405,67,3083.93,3380.79,53,0,9,2
10406,49,2140.71,5848.12,32,1,31,2
10407,64,3090.65,4052.32,25,0,25,0
10408,39,3608.7,4971.1,17,0,24,1
10409,40,3320.48,6092.57,48,1,10,2
10410,19,3007.27,5012.84,36,1,22,2
10411,44,3566.67,4127.23,32,1,33,3
10412,59,3669.3,4780.78,37,1,39,2
10413,19,3882.16,4823.27,15,1,22,4
10414,43,3148.71,4259.98,8,1,28,2
10415,34,2332.88,4482.41,50,1,30,1
10416,57,2646.71,8197.29,32,1,6,0
10417,50,3706.51,6121.84,40,1,39,2
10418,26,1683.06,4409.04,36,1,32,2
10419,60,2868.67,6393.91,20,1,20,3
10420,65,2106.66,4332.36,21,1,1,1
10421,56,2528.74,7346.25,18,1,17,2
10422,46,3778.45,5739.28,54,0,32,3
10423,59,2691.1,4785.4,40,1,36,0
10424,43,2546.44,5895.43,57,0,33,1
10425,52,1140.14,1858.25,16,1,19,3
10426,67,3246.25,2746.47,26,1,34,1
10427,42,3145.48,2612.15,56,1,17,1
10428,41,4663.25,5285.89,59,1,23,4
10429,30,2192.22,8465.03,16,1,7,0
10430,24,2719.15,9462.6,35,1,29,2
10431,53,2749.38,6276.1,53,1,9,4
10432,62,4077.45,6001.69,58,1,22,2
10433,37,2404.7,1397.88,40,0,10,2
10434,18,2779.02,3914.65,27,0,1,2
10435,25,3107.9,3424.43,43,0,25,1
10436,63,2686.61,3758.3,36,1,35,1
10437,33,2053.57,4663.71,19,1,32,2
10438,31,2694.09,4055.82,29,1,12,1
10439,29,3573.63,1041.4,55,0,39,2
10440,68,1473.48,6495.82,54,0,24,0
10441,40,2632.97,2854.51,37,1,3,0
10442,32,1799.88,5478.49,41,0,18,2
10443,45,3695.05,9148.17,37,1,17,3
10444,51,976.81,3161.23,20,1,36,0
10445,19,1941.08,1000.0,48,1,29,3
10446,49,2877.21,4427.99,40,0,18,2
10447,40,4065.52,7201.92,8,0,22,3
10448,39,2434.25,8916.69,21,0,15,1
10449,68,1944.8,2540.9,10,1,0,2
10450,42,4381.16,5993.4,26,1,11,0
10451,39,1051.99,4069.38,15,0,23,2
10452,39,500.0,4788.1,24,1,33,1
10453,66,2940.01,10288.69,30,1,7,0
10454,69,1997.95,1994.06,9,0,17,3
10455,59,1478.77,5507.48,34,1,4,1
10456,23,3208.36,5935.39,24,1,25,2
10457,32,2743.8,7171.57,48,0,29,1
10458,60,1935.92,5195.97,7,1,12,0
10459,54,1219.7,5616.1,15,1,18,0
10460,50,3372.46,4216.7,48,1,28,1
10461,25,3150.2,5538.25,30,1,2,2
10462,61,2400.82,4313.62,25,1,25,1
10463,61,4346.64,6243.14,53,1,39,1
10464,22,1429.92,4260.78,24,1,11,1
10465,56,974.47,5754.2,28,1,1,0
10466,21,1808.09,4941.47,29,1,10,0
10467,23,2454.41,7252.1,16,0,27,0
10468,62,2743.34,4897.21,51,1,17,1
10469,49,2258.76,1453.94,39,1,12,3
10470,69,2852.06,7523.84,33,1,36,1
10471,47,1248.46,3188.54,10,1,21,2
10472,64,3943.76,3692.47,10,0,11,3
10473,52,2417.85,3808.68,56,1,1,0
10474,57,3617.3,7748.88,26,0,36,1
10475,69,2842.73,1000.0,17,1,6,2
10476,33,2956.75,11275.5,55,1,25,2
10477,30,3069.77,7112.11,9,1,25,5
10478,67,2947.71,5446.48,59,1,23,4
10479,59,3142.72,4890.21,54,1,11,2
10480,47,3829.15,5571.11,47,1,15,1
10481,36,2696.52,6042.24,25,1,22,0
10482,34,3209.0,6290.43,43,1,39,2
10483,36,2410.26,6111.21,30,1,8,2
10484,45,3940.12,5179.16,19,0,31,3
10485,43,1823.61,4605.32,16,0,14,1
10486,54,4300.94,4697.45,37,1,36,1
10487,43,2459.84,4610.18,16,1,12,1
10488,40,1069.22,7267.54,23,1,4,2
10489,26,2628.1,6187.11,32,0,10,0
10490,29,1818.95,1000.0,59,1,9,1
10491,18,3340.64,6311.8,23,1,12,0
10492,18,1847.38,5389.47,28,0,14,2
10493,64,2053.82,4962.58,16,1,6,1
10494,51,610.46,4222.96,26,1,39,4
10495,49,2047.69,7248.23,49,1,27,1
10496,65,500.0,6895.05,10,1,31,0
10497,42,916.1,3454.24,28,1,34,1
10498,57,3260.41,5814.1,46,0,14,2
10499,62,3285.8,3056.69,30,1,35,0
10500,18,2925.46,2240.76,46,1,20,0
10501,33,1533.02,3746.57,59,1,5,2
10502,56,2452.29,6724.79,15,1,0,5
10503,22,2496.4,6906.25,27,1,3,0
10504,39,1341.64,6026.17,24,1,10,0
10505,46,4003.4,6450.19,6,0,25,0
10506,20,3377.36,6032.36,12,1,36,3
10507,29,2279.04,3717.04,9,1,22,4
10508,43,2526.89,5863.85,6,1,28,3
10509,33,2708.38,6600.82,20,1,20,0
10510,68,500.0,6508.58,45,0,26,1
10511,54,2252.82,7377.83,17,1,38,3
10512,39,1818.02,6416.61,27,1,39,2
10513,46,1498.38,5702.9,27,1,12,1
10514,31,2218.9,7140.3,55,1,22,1
10515,45,4297.69,4946.96,52,1,15,3
10516,22,3140.84,3236.25,22,0,29,1
10517,64,1928.82,4673.87,34,1,3,2
10518,66,3072.58,3510.19,51,0,39,2
10519,47,3899.36,3649.64,19,1,15,2
10520,63,3424.63,4710.96,55,0,30,0
10521,69,2559.63,3415.16,25,0,24,4
10522,22,1853.06,4384.08,55,1,11,1
10523,29,3198.22,1212.77,53,1,25,1
10524,33,2893.49,5426.59,38,1,36,0
10525,43,3395.19,5002.41,48,1,32,2
10526,43,3135.17,3365.82,20,1,27,0
10527,65,3549.55,6318.49,17,1,8,1
10528,38,1964.76,6875.14,45,1,11,2
10529,56,3817.39,1784.88,59,0,4,1
10530,53,2697.6,3474.55,25,1,27,0
10531,50,4575.26,3461.72,35,1,34,2
10532,47,1810.81,3120.19,43,1,4,0
10533,54,4235.96,6658.95,8,0,33,0
10534,40,2697.91,4612.35,33,0,33,2
10535,27,1848.58,4470.97,31,0,12,1
10536,22,2016.11,1000.0,35,1,38,3
10537,53,2179.65,6270.84,18,1,13,3
10538,51,2924.17,2521.48,18,0,10,0
10539,69,3022.84,5119.87,7,1,37,0
10540,48,1926.3,5554.75,42,1,3,2
10541,27,2475.65,7721.32,54,1,32,4
10542,36,4642.27,2382.36,43,1,6,1
10543,49,4227.54,1000.0,7,0,7,3
10544,18,2936.32,5367.7,41,1,36,0
10545,22,2538.0,8601.02,59,1,9,3
10546,62,2620.03,7477.89,31,1,14,2
10547,21,3113.52,5419.32,16,1,37,2
10548,33,1477.21,4016.73,13,0,14,4
10549,41,2242.62,6614.25,49,1,4,1
10550,33,831.42,3052.91,45,0,28,3
10551,19,2899.22,5952.72,48,1,18,0
10552,66,3147.2,6010.94,27,1,9,1
10553,45,2016.81,7120.42,25,0,11,1
10554,49,4073.99,10519.32,13,1,3,2
10555,44,1274.23,5784.83,34,0,30,1
10556,37,1035.63,3982.07,45,1,17,0
10557,41,2724.45,4948.85,31,1,15,2
10558,29,3547.1,1461.85,35,1,39,3
10559,67,4183.93,3610.57,22,1,35,1
10560,52,2041.12,4181.44,25,1,24,3
10561,50,3578.68,3951.82,57,1,22,1
10562,50,2461.49,5304.71,21,1,11,1
10563,68,2327.37,3355.16,51,1,33,5
10564,60,3383.66,7242.06,48,0,35,2
10565,54,3152.32,5000.41,12,1,36,0
10566,29,923.61,4981.4,21,0,2,3
10567,20,3976.54,4344.21,50,1,8,0
10568,18,3880.09,5310.38,52,0,17,1
10569,50,1874.44,6650.2,53,0,34,0
10570,57,2895.8,3265.74,32,1,33,3
10571,27,2994.03,3683.77,58,1,13,1
10572,60,2760.67,4392.55,28,1,3,1
10573,61,1949.69,2308.26,29,0,28,3
10574,46,1828.38,3361.48,14,1,14,2
10575,30,2474.45,4047.56,40,1,27,2
10576,29,3672.73,6748.78,56,1,15,2
10577,48,3043.6,5525.12,25,0,11,2
10578,63,2129.39,5387.18,42,1,4,2
10579,19,3271.7,6701.8,47,0,33,1
10580,68,500.0,4725.26,22,1,0,1
10581,67,3648.77,5780.93,52,1,38,0
10582,52,760.29,4793.56,36,1,31,0
10583,40,2137.56,5530.72,13,1,25,2
10584,34,1380.33,3834.48,20,1,16,0
10585,43,1205.32,1000.0,36,1,26,1
10586,25,3660.83,4731.44,58,1,23,1
10587,46,2032.3,7845.5,35,1,34,2
10588,43,2846.5,6852.43,51,1,38,2
10589,27,2453.08,6930.79,25,1,25,2
10590,43,2977.04,7472.26,44,1,37,0
10591,51,2576.82,5177.32,58,1,22,1
10592,68,1217.01,5394.63,17,1,21,5
10593,58,3496.27,3764.7,54,1,3,2
10594,24,2006.24,4367.85,22,0,8,1
10595,21,943.42,6231.54,47,1,3,1
10596,67,2071.88,7407.77,35,1,6,3
10597,62,4000.76,4721.11,34,0,22,2
10598,28,3350.22,4099.62,24,0,1,1
10599,46,2151.35,5001.06,51,1,23,2
10600,53,2150.74,6202.41,16,1,39,2
10601,42,2178.36,2112.29,39,1,30,0
10602,38,4576.75,1000.0,55,0,30,1
10603,53,2881.94,3898.93,12,1,39,2
10604,27,2930.04,2558.58,49,0,33,1
10605,54,3530.28,3983.72,39,1,23,2
10606,26,2738.79,4704.44,25,0,25,0
10607,41,2240.96,4093.5,55,0,15,1
10608,52,2303.65,7904.94,43,0,12,1
10609,66,2428.4,5653.49,29,1,14,3
10610,52,2462.78,5600.95,15,0,26,1
10611,65,3227.63,6244.41,37,1,3,1
10612,53,2551.95,2722.33,57,1,15,0
10613,35,3232.64,7078.22,20,1,29,2
10614,66,2419.28,4848.47,42,1,29,0
10615,56,2578.64,6340.96,25,1,35,3
10616,49,501.8,2856.29,8,0,2,0
10617,41,3416.33,1892.48,42,1,21,1
10618,40,2846.49,6635.78,45,0,21,2
10619,49,3498.01,5752.82,13,0,11,4
10620,54,500.0,3195.9,45,1,20,1
10621,29,4588.37,3260.67,49,1,3,4
10622,66,2360.41,7250.87,28,1,30,0
10623,30,3608.18,2621.18,45,1,30,1
10624,40,1460.09,8285.35,16,1,22,2
10625,42,3112.77,3198.76,51,0,19,0
10626,52,1446.58,6276.78,13,0,14,1
10627,58,1876.23,4342.76,34,0,22,3
10628,47,4414.03,6206.37,35,0,27,0
10629,34,2309.32,3911.77,15,1,15,1
10630,66,2717.43,4674.41,44,1,36,1
10631,37,3370.07,5081.84,33,0,20,3
10632,65,2995.68,2995.63,54,1,14,1
10633,42,2650.42,6481.65,41,1,16,1
10634,39,2864.96,3973.57,18,0,36,4
10635,30,4903.42,4542.8,37,0,12,1
10636,36,2442.38,3011.3,41,0,18,3
10637,66,2701.1,1000.0,42,0,29,0
10638,53,3550.65,4617.94,31,0,17,1
10639,29,3605.53,9825.23,27,1,13,1
10640,58,3687.03,6569.21,9,0,35,3
10641,36,3138.73,4961.48,36,1,35,1
10642,29,1357.0,4474.22,23,1,19,1
10643,26,4133.43,5044.93,43,1,18,2
10644,24,1353.65,6094.24,29,1,6,2
10645,45,2802.64,2638.37,28,0,3,1
10646,31,1745.72,7228.64,27,1,33,3
10647,48,2435.86,6430.76,7,1,1,1
10648,69,2828.76,6436.37,36,0,4,3
10649,36,2821.36,5876.95,16,0,9,2
10650,64,2921.92,5039.23,33,1,31,1
10651,33,4113.71,6345.72,51,1,12,2
10652,22,2953.53,6183.63,37,1,38,0
10653,52,2255.84,4291.92,10,1,4,2
10654,29,3464.09,3852.8,43,1,9,4
10655,42,3689.47,5203.71,15,0,9,1
10656,69,1272.39,8098.04,45,1,37,1
10657,38,3097.4,2521.79,51,0,26,2
10658,53,3201.17,2064.95,29,0,20,2
10659,40,2202.44,5329.52,40,1,7,2
10660,33,3875.71,5101.78,49,1,0,3
10661,56,2349.94,5346.68,53,1,27,2
10662,62,2625.58,5487.91,28,1,38,0
10663,59,2326.93,4553.6,22,1,13,0
10664,56,2515.58,7979.73,6,0,20,0
10665,31,1403.72,1798.19,36,0,29,3
10666,48,1059.95,3343.01,36,0,20,2
10667,22,4094.51,4793.49,47,1,8,2
10668,52,1653.04,1713.62,47,1,16,1
10669,40,1508.61,4648.29,58,1,4,1
10670,46,500.0,8322.94,39,1,30,2
10671,60,1861.04,5041.77,14,1,39,1
10672,28,1176.91,5461.4,27,0,37,3
10673,35,4142.02,2479.67,18,0,18,3
10674,64,3509.82,3767.28,30,1,35,2
10675,29,1811.85,4249.61,53,1,32,1
10676,26,4752.44,4364.57,23,1,12,3
10677,27,3481.77,7563.29,56,0,13,4
10678,61,2175.17,6115.38,17,1,32,2
10679,34,500.0,2777.08,45,1,28,2
10680,55,4790.94,5493.01,22,0,35,0
10681,24,1110.43,5996.44,20,1,9,1
10682,63,854.6,7280.3,47,1,30,1
10683,30,3522.57,8161.08,20,1,5,0
10684,57,4939.75,2969.81,20,0,0,0
10685,59,3884.27,3378.28,44,1,6,0
10686,26,3063.91,2484.84,18,1,26,0
10687,67,3094.75,4531.96,22,1,20,2
10688,44,3353.42,5932.72,37,1,27,2
10689,19,3258.93,6974.67,14,1,15,0
10690,22,2781.19,4848.1,45,1,22,6
10691,46,2604.2,4360.3,25,1,19,2
10692,54,2437.41,5303.52,31,1,37,0
10693,55,1746.04,3329.71,32,0,24,3
10694,36,2219.32,9179.08,26,1,27,3
10695,25,807.04,1784.68,23,0,4,1
10696,65,2401.66,5369.48,18,1,20,1
10697,62,1511.41,9047.21,21,1,17,1
10698,18,1396.41,5013.6,14,1,5,1
10699,39,2679.89,4619.92,17,1,28,0
10700,69,3892.0,4285.11,49,1,18,2
10701,34,3418.32,4639.22,43,0,32,0
10702,24,929.5,7745.7,24,1,0,3
10703,42,1510.37,1000.0,12,1,2,2
10704,62,3440.77,8066.87,40,0,20,2
10705,21,1517.51,2152.09,53,0,34,3
10706,53,2275.37,4466.7,23,1,39,0
10707,23,3050.05,4141.51,21,1,2,2
10708,48,1531.66,6177.11,44,1,24,0
10709,36,2605.38,1803.75,9,1,37,0
10710,61,1165.97,5924.35,30,0,19,3
10711,56,1898.63,9048.62,37,1,33,1
10712,44,2819.78,2273.65,45,1,20,2
10713,27,907.01,5379.41,18,1,22,1
10714,43,2940.47,3676.04,50,1,5,0
10715,36,2480.36,5851.77,22,1,12,3
10716,56,3052.49,5038.3,54,1,22,1
10717,20,2723.91,3717.03,42,1,8,0
10718,62,3864.14,5975.74,11,0,16,1
10719,30,2625.22,8608.7,24,1,1,1
10720,67,2070.59,4618.19,18,1,18,2
10721,45,2622.3,6439.52,31,1,18,1
10722,37,3043.3,2413.45,19,0,6,1
10723,45,2548.86,3087.13,36,1,19,1
10724,25,2540.59,5944.81,59,0,8,2
10725,58,1798.01,7968.23,9,1,16,2
10726,56,1837.1,5711.23,44,1,26,1
10727,18,1097.39,4373.88,13,1,1,1
10728,20,4249.58,4998.58,30,0,35,1
10729,30,1256.14,2499.18,18,1,18,3
10730,45,1807.09,6209.03,37,1,16,3
10731,66,1781.59,6764.67,43,1,4,1
10732,42,3394.92,4095.82,43,1,38,2
10733,50,2205.05,4059.92,33,1,17,0
10734,55,3747.74,5531.76,58,1,6,3
10735,23,1826.51,4126.56,35,0,16,0
10736,61,2778.99,4867.73,8,0,38,0
10737,62,1664.65,9199.44,33,1,35,1
10738,49,4645.15,4505.95,8,1,39,1
10739,62,1312.4,4283.32,50,1,3,2
10740,64,2809.82,3704.92,59,0,37,2
10741,38,3133.78,6488.38,39,0,24,0
10742,33,2913.8,4637.55,21,1,4,0
10743,38,2314.71,3701.25,27,0,29,1
10744,28,2370.18,7642.61,37,1,11,1
10745,54,2543.81,7839.21,43,0,3,2
10746,53,2353.0,3799.15,13,1,23,0
10747,52,3463.88,1266.92,13,1,28,0
10748,36,4710.52,7015.03,11,0,8,2
10749,37,1942.51,3630.74,19,1,3,1
10750,35,1130.2,6581.25,37,0,23,2
10751,64,2411.72,1059.79,40,1,13,0
10752,58,5079.71,6785.19,15,1,4,2
10753,66,1696.33,2577.66,8,1,17,0
10754,31,4139.12,6461.53,17,1,18,3
10755,32,4177.7,5028.55,54,1,11,1
10756,48,1946.41,3092.12,36,0,17,0
10757,18,3068.98,4185.93,34,0,16,5
10758,20,4128.4,6372.64,10,1,29,2
10759,33,2120.87,5211.79,57,1,23,1
10760,40,2296.42,6168.83,30,1,10,3
10761,28,1918.32,8952.88,46,1,34,0
10762,29,1485.24,1871.52,36,1,22,3
10763,27,1850.72,8234.43,26,1,16,3
10764,49,1276.06,5208.71,25,1,0,5
10765,33,2534.08,3202.43,44,1,14,1
10766,25,1730.03,2339.37,27,1,31,1
10767,55,2733.79,4621.76,9,0,8,3
10768,29,944.1,6843.3,18,0,14,1
10769,41,2830.88,4744.9,50,0,27,0
10770,45,3333.53,8022.31,47,0,23,0
10771,25,506.26,2097.65,55,1,34,1
10772,45,2874.06,4975.82,54,1,21,1
10773,53,3727.67,2495.21,25,1,26,7
10774,43,1290.36,5727.26,57,1,18,1
10775,25,4172.57,6773.77,18,1,11,4
10776,67,2919.02,4158.48,22,0,19,2
10777,45,1794.99,1000.0,59,0,0,1
10778,45,2444.23,5397.9,41,0,20,1
10779,54,3058.33,5873.48,38,1,0,2
10780,58,2576.01,5808.59,6,0,9,1
10781,53,3038.76,7471.56,20,0,31,3
10782,44,1579.33,2857.89,18,1,38,3
10783,34,2669.36,6360.43,22,1,21,6
10784,26,1086.29,7385.02,29,0,17,2
10785,50,2388.77,1442.82,13,1,31,2
10786,37,1596.09,5639.3,55,1,26,2
10787,30,1764.47,3991.64,32,1,27,0
10788,45,3736.09,4836.95,50,1,17,2
10789,65,3591.31,5695.35,28,0,38,3
10790,46,3109.14,4025.54,51,0,28,2
10791,30,1407.69,3648.58,13,1,17,2
10792,63,2183.59,5068.3,13,1,7,3
10793,52,3713.1,2825.51,31,1,30,1
10794,23,2641.72,2828.35,52,1,33,1
10795,35,4819.33,6358.75,18,1,6,2
10796,68,2893.32,2702.41,44,1,35,1
10797,22,2692.05,6332.63,42,1,17,1
10798,64,2190.88,5925.18,54,1,37,2
10799,42,2633.54,1548.39,33,0,8,1
10800,19,2347.53,3644.87,30,1,8,3
10801,27,3208.11,7388.22,21,0,7,1
10802,47,3456.7,3037.67,7,0,34,3
10803,67,1714.01,4071.19,59,1,17,2
10804,62,1168.77,5924.12,23,0,4,2
10805,22,663.79,6566.78,22,0,13,0
10806,50,3007.99,4496.92,35,0,27,2
10807,18,1396.63,3804.98,44,1,29,1
10808,35,500.0,7844.74,18,1,3,5
10809,49,2888.58,8477.8,37,1,38,2
10810,64,4993.0,6957.72,55,0,19,3
10811,66,2493.93,5170.64,34,1,24,5
10812,28,3338.49,3383.47,51,1,27,3
10813,38,2581.83,3339.11,35,1,11,1
10814,43,2401.11,6045.03,23,1,1,2
10815,42,3419.08,5836.8,18,0,13,1
10816,39,2209.73,7803.2,48,1,21,2
10817,44,2767.39,6300.9,26,1,30,1
10818,66,2821.7,1993.84,35,1,22,1
10819,30,1831.91,7103.9,26,1,19,1
10820,50,3492.04,3003.88,53,1,37,5
10821,51,2325.04,4232.06,22,1,3,0
10822,58,1744.25,5500.4,45,1,14,3
10823,52,3036.51,8991.33,24,1,23,1
10824,18,1601.53,11219.84,57,1,24,2
10825,38,2528.18,6213.45,20,0,0,3
10826,65,2490.88,4633.61,14,1,6,4
10827,23,3585.9,6069.01,57,1,30,0
10828,45,2974.7,6775.31,15,1,11,1
10829,34,2474.97,4358.66,49,0,4,3
10830,22,3317.77,8590.42,36,1,37,1
10831,48,3890.21,5460.14,58,1,11,0
10832,22,3057.81,5995.49,28,1,38,3
10833,55,2510.35,6331.85,57,1,17,0
10834,20,1188.16,5843.17,35,1,1,3
10835,40,1434.89,6677.88,38,0,9,2
10836,54,2194.78,3765.49,57,1,14,2
10837,54,1890.49,3883.4,14,0,29,3
10838,27,2313.03,2799.69,59,0,16,1
10839,27,2556.65,5879.0,52,1,3,3
10840,36,3029.69,6557.87,6,1,6,0
10841,34,2429.5,5915.55,49,1,30,2
10842,38,2986.5,8348.98,40,1,38,3
10843,31,2564.47,4988.81,16,1,33,1
10844,26,524.53,6337.48,39,1,5,0
10845,63,1560.66,2816.6,21,0,37,3
10846,18,2355.91,4225.8,14,1,33,0
10847,68,1290.31,6391.08,37,1,14,1
10848,62,3099.93,6698.2,20,1,13,0
10849,30,4030.75,4412.07,17,0,5,1
10850,21,3718.76,4856.8,38,1,36,1
10851,18,2286.56,1964.25,50,0,31,0
10852,66,3990.73,4285.94,19,0,2,0
10853,57,2648.67,6780.77,13,1,2,1
10854,49,2162.91,6150.41,13,1,21,1
10855,51,1886.6,6001.33,32,1,21,1
10856,45,2197.53,5099.55,17,1,9,0
10857,48,2111.82,5014.13,6,1,2,2
10858,25,2670.42,3679.36,48,1,11,2
10859,56,2660.57,6397.66,45,1,28,1
10860,43,2503.05,5841.95,47,0,16,2
10861,51,2936.94,5984.04,56,1,6,3
10862,20,3690.65,3947.93,16,1,12,1
10863,67,3449.55,1000.0,44,1,1,1
10864,29,1015.1,7194.31,48,1,3,3
10865,18,500.0,4042.33,36,1,9,0
10866,61,3434.32,3274.45,22,1,38,0
10867,22,1133.12,6386.96,38,1,23,1
10868,47,2275.23,4215.97,37,0,16,3
10869,47,1329.89,7119.87,34,1,5,3
10870,34,698.02,6234.01,26,1,18,1
10871,65,3041.46,6367.14,26,1,4,0
10872,64,3259.16,2268.09,45,0,31,5
10873,40,1923.49,7423.89,28,1,9,2
10874,32,500.0,5522.5,11,1,8,2
10875,54,1953.76,4261.45,27,1,26,1
10876,38,2891.8,5286.78,55,1,12,3
10877,31,1021.09,1447.53,43,1,18,2
10878,19,2683.36,5817.31,42,1,20,1
10879,28,2484.69,2941.26,50,1,23,1
10880,68,3079.29,2294.66,56,1,37,3
10881,56,2619.58,1955.28,59,0,3,2
10882,55,1526.93,7225.38,13,1,23,1
10883,51,3696.57,3741.47,46,1,34,0
10884,55,2341.47,8067.46,54,1,2,2
10885,67,2472.7,3928.4,40,0,3,1
10886,51,1566.73,1585.28,56,1,36,2
10887,35,2056.72,2766.95,16,0,39,2
10888,47,1615.2,7471.62,29,0,34,2
10889,32,2327.05,4688.2,54,1,30,2
10890,44,4211.71,3903.43,26,1,24,1
10891,68,1128.1,5320.04,56,1,39,3
10892,51,886.44,6003.57,7,1,12,4
10893,69,3971.17,7234.8,45,0,3,2
10894,55,2290.68,7897.0,24,1,13,1
10895,50,1830.93,4280.46,44,1,12,1
10896,41,3539.9,2347.9,33,0,26,1
10897,32,1894.38,4173.07,22,1,5,2
10898,47,4326.01,5520.56,11,1,16,3
10899,59,3177.93,3072.48,24,1,35,1
10900,68,2012.09,3085.7,43,1,39,0
10901,34,4657.31,5687.58,33,1,34,2
10902,22,1894.29,4902.7,7,1,16,1
10903,46,3242.1,5065.59,43,1,1,1
10904,21,2799.29,3483.01,42,0,12,1
10905,27,3801.74,4539.2,56,1,1,2
10906,34,4061.51,3151.53,57,1,27,2
10907,27,2532.0,6780.4,9,1,25,2
10908,34,1746.58,7070.5,27,1,21,0
10909,37,2959.97,1307.62,31,1,2,2
10910,41,1822.28,3140.98,54,1,34,0
10911,22,4513.39,2006.94,48,0,11,2
10912,51,2636.54,3699.95,41,1,23,3
10913,23,2134.68,4833.12,18,1,4,2
10914,19,2684.68,2100.71,57,0,19,1
10915,30,1152.87,3156.28,37,1,38,1
10916,60,1528.39,2992.09,22,1,38,1
10917,60,3700.41,5414.53,46,1,12,2
10918,65,1843.11,5138.69,41,0,11,3
10919,28,1453.09,3556.52,51,0,12,2
10920,68,3036.65,5353.64,24,1,9,0
10921,64,3685.7,3906.64,40,0,32,4
10922,40,3218.95,4456.69,51,1,39,1
10923,33,3496.05,8346.9,45,1,15,2
10924,48,1743.2,7680.92,33,0,34,1
10925,28,1078.19,2400.84,6,0,2,1
10926,33,4001.33,6659.46,47,1,4,1
10927,25,2177.32,6622.79,23,1,25,3
10928,21,2249.17,2703.47,53,1,10,3
10929,57,3828.19,6637.56,45,1,6,2
10930,21,3056.23,8075.86,38,1,9,2
10931,42,2955.89,2754.91,17,1,33,1
10932,20,4665.0,3164.99,13,1,2,1
10933,49,1856.48,7035.32,29,1,7,1
10934,20,3427.84,5542.99,21,1,30,0
10935,44,2557.01,6102.95,55,1,10,3
10936,46,2768.59,5681.18,9,0,6,1
10937,49,4028.47,5781.39,43,1,1,3
10938,67,3007.84,2347.06,49,0,5,2
10939,68,3038.3,7094.64,32,0,31,0
10940,36,3572.51,7339.18,14,1,19,5
10941,38,2135.05,4541.22,52,1,33,0
10942,22,1660.79,4913.05,21,1,15,0
10943,35,1455.19,1937.78,17,1,24,6
10944,45,533.64,6028.51,36,1,11,2
10945,59,4556.21,6144.11,29,0,6,2
10946,39,1396.79,4875.62,19,1,38,0
10947,38,2278.75,7248.71,50,1,16,3
10948,23,2223.19,4331.85,30,1,10,0
10949,18,2807.41,6129.21,39,1,5,1
10950,22,3315.74,2960.67,8,0,22,0
10951,58,3360.47,4952.9,29,1,26,2
10952,29,1916.92,4651.29,59,1,5,0
10953,43,2332.88,5450.62,47,1,37,1
10954,63,2782.58,4260.95,14,1,1,2
10955,51,2251.31,4737.05,31,1,21,1
10956,66,4107.35,6652.09,25,1,19,2
10957,31,2990.97,4126.47,45,1,24,1
10958,43,3234.88,1786.85,15,1,14,3
10959,62,3162.88,8499.17,24,0,28,2
10960,44,3673.47,7762.91,8,0,7,1
10961,26,2681.02,2415.47,29,1,36,2
10962,43,1203.17,6379.42,10,0,32,1
10963,64,2899.69,3994.05,8,0,21,1
10964,39,1848.64,5526.97,32,1,4,1
10965,64,1971.38,5588.45,21,1,38,1
10966,47,3086.36,4531.18,54,1,17,3
10967,60,3738.28,3432.47,20,0,37,1
10968,65,2521.27,3618.92,40,0,36,1
10969,34,2808.83,3167.62,17,0,29,1
10970,43,4202.21,3336.36,46,1,30,1
10971,53,2740.75,4865.64,58,1,9,2
10972,18,5101.68,3568.48,49,1,14,0
10973,25,3065.51,6364.1,31,0,17,0
10974,66,739.24,7974.49,52,1,22,2
10975,52,3253.34,3839.89,39,1,32,2
10976,69,2881.16,5478.81,28,1,15,3
10977,32,3789.75,5999.37,36,1,37,2
10978,64,3173.18,5944.0,55,1,34,3
10979,39,2361.54,5151.91,25,0,33,2
10980,31,1275.7,6485.36,17,0,27,2
10981,43,2290.98,5964.5,28,1,1,0
10982,45,1649.48,2524.68,9,0,29,4
10983,40,1919.48,6738.31,28,0,12,0
10984,31,3088.58,6774.58,53,0,15,1
10985,41,4169.9,3473.43,53,0,4,1
10986,19,2894.67,5075.88,6,1,27,1
10987,62,1304.12,6366.66,59,1,38,1
10988,43,2944.6,4581.37,30,1,19,0
10989,31,3696.63,7145.96,7,1,23,1
10990,68,1890.22,9727.74,35,1,26,0
10991,24,2365.98,3428.03,8,1,29,1
10992,20,2514.69,2237.91,26,1,26,1
10993,64,1715.1,5607.64,30,1,25,1
10994,40,3148.28,6443.13,25,0,6,2
10995,63,2379.05,4538.27,54,1,37,4
10996,60,2919.53,7906.52,57,1,4,2
10997,64,1612.51,2322.79,27,1,22,2
10998,62,2062.54,6385.84,26,1,27,1
10999,35,3222.38,3788.28,38,1,33,1
11000,55,2127.17,8438.76,57,1,14,0
